Enrollment,Name,Date,Time


2,Jitendra,2024-12-09,20:54:25

1,Jite,2024-12-09,21:13:31
1,Jite,2024-12-09,21:21:09
1,jite,2024-12-09,21:38:09
1,jite,2024-12-09,21:42:23
4,jh,2024-12-09,22:40:55
5,hh,2024-12-09,22:44:01
1,45,2024-12-09,23:53:15
5,jit,2024-12-10,00:09:42
1,jitendra,2024-12-10,00:43:04
1,Jitendra,2024-12-10,13:17:47
1,jite,2024-12-10,13:19:40
1,j,2024-12-10,13:21:18
1,jie,2024-12-10,13:22:12
1,ji,2024-12-10,13:23:45
1,ji,2024-12-10,13:24:52
1,jit,2024-12-10,13:25:37
1,kji,2024-12-10,13:27:08
5,h,2024-12-10,13:28:49
12,ff,2024-12-10,13:31:15
1,dss,2024-12-10,13:31:50
1,Jite,2024-12-10,19:11:27
08,Jitendra,2024-12-10,19:35:12
